{
  "id": "popgen",
  "service": "PopGen",
  "description": "Service to generate online virtual human population.",
  "screenshot": "",
  "url": "http://xnet.hsl.gov.uk/Popgen/",
  "doi": "10.1007/s10928-007-9053-5",
  "instance": {
    "type": "External",
    "license": "Copyright by Bayer CropScience AG 2008",
    "version": "0.3.11183.0",
    "source": "",
    "docker": "",
    "TRL": ""
  },
  "provider": {
    "contact": {
      "name": "",
      "email": "infoline@hse.gov.uk"
    },
    "url": "http://www.hsl.gov.uk/",
    "name": "UK Health and Safety Laboratory"
  },
  "access": {
    "API": "[SOAP](http://xnet.hsl.gov.uk/Popgen/service.aspx)",
    "login": "No"
  },
  "ELIXIR": {
    "biotools": "",
    "tess": ""
  }
}
