{
  "id": "",
  "service": "",
  "description": "",
  "screenshot": "",
  "url": "",
  "doi": "",
  "instance": {
    "type": "",
    "vhp-platform": "",
    "url": "",
    "license": "",
    "version": "",
    "source": "",
    "docker": "",
    "TRL": ""
  },
  "provider": {
    "contact": {
      "name": "",
      "email": ""
    },
    "url": "",
    "name": ""
  },
  "access": {
    "API": "",
    "login": "",
    "packages": {
      "R": "",
      "Python": ""
    }
  },
  "demo": {
    "title": "",
    "url": ""
  },
  "ELIXIR": {
    "biotools": "",
    "tess": ""
  }
}
